Häufigste Suchanfragen,Klicks,Impressionen,CTR,Position
gpke,2,19,10.53%,22.11
remadv,1,30,3.33%,9.67
negative remadv,1,8,12.5%,7.88
netzlokation,1,4,25%,11.75
sperrprozess gas,0,24,0%,8.29
aperak z17,0,23,0%,6.83
netznutzungsrechnung,0,22,0%,1.64
marktkommunikation,0,19,0%,48.37
sperrprozess strom,0,18,0%,1
bilaterale klärung,0,17,0%,5.29
lokationsbündel,0,16,0%,7.5
edi utilmd,0,15,0%,15.87
marktprozesse gas,0,15,0%,29.73
mabis,0,15,0%,39.53
eog energiewirtschaft,0,14,0%,3.57
remadv bedeutung,0,13,0%,1.54
messwert,0,11,0%,93.64
lokationsbündelstruktur,0,10,0%,10.6
lieferantenwechsel,0,10,0%,96.2
invoic,0,9,0%,28.78
energiewirtschaft definition,0,9,0%,34.89
geschäftsprozesse zur kundenbelieferung mit elektrizität gpke,0,7,0%,39.14
compliance für energiebranche,0,7,0%,55.43
netzanschluss lösung,0,7,0%,78.29
msb abrechnung,0,6,0%,11.5
zahlungsavis bedeutung,0,6,0%,46.67
malo id stromzähler,0,6,0%,97
aperak z42,0,5,0%,5.6
was ist remadv,0,5,0%,6.6
geli gas,0,5,0%,45.4
z19,0,4,0%,3.75
mako hub,0,4,0%,5
eog strom,0,4,0%,8.75
malo ident,0,4,0%,15.25
pricat,0,4,0%,38
marktkommunikation energiewirtschaft,0,4,0%,50.75
aperak edifact,0,3,0%,1
gpke bedeutung,0,3,0%,1
remadv energiewirtschaft,0,3,0%,1
codeliste der konfigurationen,0,3,0%,7.33
strom mcp,0,3,0%,7.33
zeitreihentypen,0,3,0%,8
utilmd anwendungshandbuch 2025,0,3,0%,9.33
24h-lieferantenwechsel energiewirtschaft,0,3,0%,16.33
kollaboration evu,0,3,0%,17
was heißt außerhalb der grundversorgung,0,3,0%,89
aperak z10 bedeutung,0,2,0%,1
rem adv,0,2,0%,2
aperak z39,0,2,0%,5
bk6-24-210,0,2,0%,6.5
lokationsbündelstrukturen,0,2,0%,7
was ist eine aperak,0,2,0%,9
utilmd,0,2,0%,12.5
mabis hub,0,2,0%,24
stammdatensynchronisation,0,2,0%,24
geschäftsprozesse lieferantenwechsel strom,0,2,0%,26
marktkommunikation energie,0,2,0%,30.5
geschäftsprozesse lieferantenwechsel gas,0,2,0%,38.5
marktlokation id,0,2,0%,85
gpke geli gas,0,1,0%,1
mehr mindermengen,0,1,0%,1
stammdatenabgleich,0,1,0%,1
msbld,0,1,0%,2
abk. rechnung,0,1,0%,4
mispel energiewirtschaft,0,1,0%,5
mako id,0,1,0%,8
codeliste der artikelnummern und artikel-id,0,1,0%,9
comdis edifact,0,1,0%,10
anwendungsübersicht der prüfidentifikatoren 2025,0,1,0%,12
aperak,0,1,0%,13
mabis hub bnetza,0,1,0%,26
mako strom,0,1,0%,29
marktkommunikationsprozesse,0,1,0%,33
melo malo,0,1,0%,41
lieferantenwechselprozess strom,0,1,0%,42
marktkommunikation energieversorger,0,1,0%,48
energie marktanalyse,0,1,0%,50
bilanzkreismanager gas,0,1,0%,59
malo id,0,1,0%,61
stammdatum,0,1,0%,62
intelligentemesssysteme unternehmen,0,1,0%,87
24 stunden lieferantenwechsel,0,1,0%,96
malo-id stromzähler,0,1,0%,98